Latitude,Longitude,CountryCode,Status,ReactorType,ReactorModel,ConstructionStartAt,OperationalFrom,Capacity
0.0,0.0,CN,Planned,PWR,0,0,0,0.0
47.599,42.373,RU,Operational,PWR,VVER V-320,1983-05-01,2010-12-10,950.0
60.372,26.342,FI,Operational,PWR,VVER V-213,1971-05-01,1977-05-09,420.0
54.169,33.245,RU,Operational,LWGR,RBMK-1000,1984-05-01,1990-10-12,925.0
33.491,132.309,JP,Shutdown,PWR,M (2-loop),1978-08-01,1982-03-19,538.0
27.348,-80.244,US,Operational,PWR,CE 2LP (DRYAMB),1970-07-01,1976-12-21,830.0
34.704,-87.119,US,Operational,BWR,BWR-4 (Mark 1),1967-05-01,1975-03-01,1065.0
50.086,4.792,FR,Operational,PWR,N4 REP 1450,1985-12-31,2000-09-29,1455.0
14.865,74.438,IN,Operational,PHWR,Horizontal Pressure Tube type,2002-05-10,2011-01-20,202.0
57.903,35.057,RU,Operational,PWR,VVER V-320,1986-08-01,2012-12-25,950.0
40.225,-75.584,US,Operational,BWR,BWR-4 (Mark 2),1974-06-19,1986-02-01,1055.0
41.246,-88.672,US,Operational,BWR,BWR-5 (Mark 2),1973-09-10,1984-10-19,1078.0
52.483,7.302,DE,Shutdown,BWR,BWR with fossil fuel-fired superheater,1964-10-01,1968-10-01,183.0
51.275,39.206,RU,Operational,PWR,VVER V-179,1967-07-01,1973-03-24,385.0
51.389,30.103,UA,Shutdown,LWGR,RBMK,1970-03-01,1978-05-27,925.0
-33.677,18.433,ZA,Operational,PWR,CP1,1976-07-01,1984-07-21,921.0
52.21939,1.6238,GB,Planned,PWR,0,0,0,0.0
51.273,39.197,RU,Operational,PWR,VVER V-392M,2008-06-24,2017-02-27,1114.0
49.709,8.415,DE,Shutdown,PWR,PWR,1972-02-01,1977-01-31,1178.0
59.837,29.039,RU,Shutdown,LWGR,RBMK-1000,1970-06-01,1976-02-11,925.0
0.0,0.0,CN,Planned,PWR,0,0,0,0.0
19.834,72.657,IN,Operational,PHWR,Horizontal Pressure Tube Type,2000-05-12,2006-08-18,502.0
30.44,120.95,CN,Operational,PWR,CNP-600,1997-04-01,2004-05-03,610.0
37.434,138.598,JP,Suspended Operation,BWR,ABWR,1993-07-01,1997-07-02,1315.0
51.326,25.9,UA,Operational,PWR,VVER V-320,1986-08-01,2006-04-06,950.0
37.09,129.384444,KR,Operational,PWR,OPR-1000,1999-10-01,2004-07-29,950.0
49.253,8.432,DE,Shutdown,BWR,BWR-69,1970-10-01,1980-03-26,864.0
68.059,166.492,RU,Operational,LWGR,EGP-6,1970-01-01,1977-01-01,11.0
57.259,12.111,SE,Operational,PWR,WH 3LP,1973-11-01,1983-11-21,1130.0
50.301,26.649,UA,Operational,PWR,VVER V-320,1981-11-01,1988-08-13,950.0
40.949,0.867,ES,Shutdown,GCR,0,1968-06-21,1972-08-02,480.0
-33.677,18.433,ZA,Operational,PWR,CP1,1976-07-01,1985-11-09,921.0
60.372,26.342,FI,Operational,PWR,VVER V-213,1972-08-01,1981-01-05,420.0
49.977611,1.21409,FR,Planned,PWR,0,0,0,0.0
45.404,4.754,FR,Operational,PWR,P4 REP 1300,1979-07-31,1987-03-01,1335.0
35.433,-80.946,US,Operational,PWR,WH 4LP (ICECND),1971-04-01,1984-03-01,1180.0
45.183333,8.283333,IT,Shutdown,PWR,WH 4LP,1961-07-01,1965-01-01,247.0
0.0,0.0,CN,Planned,PWR,AP-1000,0,0,0.0
33.958,-78.007,US,Operational,BWR,BWR-4 (Mark 1),1970-02-07,1977-03-18,821.0
33.518,129.837,JP,Operational,PWR,M (4-loop),1988-06-01,1994-03-18,1127.0
51.323,4.259,BE,Operational,PWR,WH 3LP,1978-12-01,1985-07-01,1000.0
0.0,0.0,IN,Planned,PHWR,0,0,0,0.0
0.0,0.0,JP,Planned,ABWR,0,0,0,0.0
43.744,23.776,BG,Operational,PWR,VVER V-320,1980-07-09,1988-12-23,953.0
44.634,4.757,FR,Operational,PWR,CP2,1978-11-15,1985-04-01,915.0
48.494,17.687,SK,Shutdown,HWGCR,KS 150,1958-08-01,1972-12-25,110.0
41.1856,141.389,JP,Planned,ABWR,0,0,0,0.0
32.392,71.465,PK,Operational,PWR,CNP-300,2011-05-28,2016-12-06,315.0
47.511,2.871,FR,Operational,PWR,P4 REP 1300,1980-08-01,1989-01-01,1310.0
18.365,-67.268,US,Shutdown,BWR,Superheater,1960-01-01,1965-09-01,17.0
54.143,13.668,DE,Shutdown,PWR,VVER V-230,1972-04-01,1978-05-01,408.0
21.236,73.351,IN,Operational,PHWR,PHWR-700,2010-11-22,0,630.0
47.601,8.183,CH,Operational,BWR,BWR-6,1974-01-01,1984-12-15,960.0
42.779,-72.514,US,Shutdown,BWR,BWR-4 (Mark 1),1967-12-11,1972-11-30,514.0
51.389,30.103,UA,Shutdown,LWGR,RBMK,1976-03-01,1982-06-08,925.0
44.341,-81.572,CA,Operational,PHWR,CANDU 791,1970-12-01,1977-09-01,732.0
47.732,2.513,FR,Operational,PWR,CP1,1975-12-01,1981-11-20,890.0
47.732,2.513,FR,Operational,PWR,CP1,1975-09-01,1981-05-27,890.0
52.092,47.952,RU,Operational,PWR,VVER V-320,1984-04-01,1993-12-22,950.0
35.433,-80.946,US,Operational,PWR,WH 4LP (ICECND),1971-04-01,1981-12-01,1180.0
49.089,16.149,CZ,Operational,PWR,VVER V-213,1979-03-01,1986-12-20,420.0
37.613056,-121.84,US,Shutdown,BWR,25,1956-01-01,1957-10-19,24.0
49.857,0.635,FR,Operational,PWR,P4 REP 1300,1977-08-15,1985-12-01,1330.0
39.797,121.4765,CN,Operational,PWR,CPR-1000,2008-03-28,2014-05-13,1061.0
51.389,30.103,UA,Shutdown,LWGR,RBMK,1979-04-01,1984-03-26,925.0
19.719,-96.405,MX,Operational,BWR,BWR-5,1976-09-30,1990-07-28,780.0
25.038,121.924,TW,Suspended Construction,BWR,ABWR,1999-03-31,0,1300.0
47.232,0.167,FR,Shutdown,GCR,UNGG,1959-08-01,1965-02-24,170.0
24.845,66.79,PK,Operational,PWR,ACP-1000,2016-05-31,2022-04-18,1014.0
36.144444,33.541111,TR,Under Construction,PWR,VVER V-509,2020-04-08,0,1114.0
43.603,-96.636,US,Shutdown,BWR,Prototype,1959-01-01,1966-08-01,59.0
25.038,121.924,TW,Suspended Construction,BWR,ABWR,1999-08-30,0,1300.0
35.405,126.41,KR,Operational,PWR,OPR-1000,1997-06-29,2002-05-21,950.0
51.742,0.899,GB,Shutdown,GCR,MAGNOX,1957-01-01,1962-07-01,150.0
35.71,129.476,KR,Operational,PHWR,CANDU 6,1994-07-22,1999-10-01,669.0
54.143,13.668,DE,Shutdown,PWR,VVER V-230,1970-03-01,1975-04-16,408.0
47.232,0.167,FR,Operational,PWR,CP2,1981-02-01,1988-04-01,905.0
33.368,-117.556,US,Shutdown,PWR,CE (2-loop) DRYAMB,1974-03-01,1984-04-01,1070.0
37.315,141.024,JP,Shutdown,BWR,BWR-5,1981-05-28,1987-08-25,1067.0
60.405,18.168,SE,Operational,BWR,"AA-III, BWR-2500",1975-01-01,1981-07-07,900.0
54.029,-2.912,GB,Operational,GCR,AGR,1970-12-01,1989-04-01,611.0
35.321,129.295,KR,Shutdown,PWR,WH 60,1972-08-01,1978-04-29,558.0
32.391944,71.461667,PK,Operational,PWR,CNP-300,2011-12-18,2017-09-19,313.0
42.0,35.0,TR,Planned,PWR,ATMEA-1,0,0,0.0
24.876,75.608,IN,Operational,PHWR,Horizontal Pressure Tube type,2003-01-20,2010-03-31,202.0
0.0,0.0,CN,Planned,FBR,0,0,0,0.0
0.0,0.0,CN,Planned,PWR,0,0,0,0.0
0.0,0.0,CN,Planned,PWR,0,0,0,0.0
43.62453,25.18675,BG,Cancelled Construction,PWR,0,1987-01-01,0,953.0
43.038,140.515,JP,Suspended Operation,PWR,M (3-loop),2004-11-18,2009-12-22,866.0
38.435,-76.439,US,Operational,PWR,CE 2LP (DRYAMB),1968-06-01,1975-05-08,845.0
31.834,130.193,JP,Operational,PWR,M (3-loop),1981-10-12,1985-11-28,846.0
45.359,-85.195,US,Shutdown,BWR,0,1960-05-01,1963-03-29,72.0
51.014,2.138,FR,Operational,PWR,CP1,1976-04-01,1981-10-01,910.0
34.621,138.141,JP,Shutdown,BWR,BWR-4,1974-06-14,1978-11-29,814.0
25.203,121.662,TW,Shutdown,BWR,BWR-6,1976-03-15,1983-03-16,948.0
-33.967,-59.209,AR,Operational,PHWR,PHWR KWU,1981-07-13,2016-05-25,692.0
34.621,138.141,JP,Planned,ABWR,0,0,0,0.0
14.868,74.4418,IN,Planned,PWR,0,0,0,0.0
21.236,73.351,IN,Under Construction,PHWR,PHWR-700,2010-11-22,0,630.0
51.692,-2.494,GB,Shutdown,GCR,MAGNOX,1957-01-01,1962-10-20,138.0
55.604,26.562,LT,Cancelled Construction,LWGR,RBMK-1500,1985-06-01,0,1380.0
35.7101,129.481,KR,Planned,PHWR,0,0,0,0.0
21.6,108.3,CN,Operational,PWR,HPR1000,2015-12-24,2023-03-25,1000.0
0.0,0.0,CN,Planned,PWR,AP-1000,0,0,0.0
33.491,132.309,JP,Operational,PWR,M (3-loop),1990-10-01,1994-12-15,846.0
35.405,126.41,KR,Operational,PWR,WH F,1981-06-04,1986-08-25,903.0
40.182,44.147,AM,Shutdown,PWR,VVER V-270,1969-07-01,1977-10-06,376.0
51.326,25.9,UA,Operational,PWR,VVER V-213,1973-10-01,1982-07-29,384.0
35.71,129.476,KR,Operational,PHWR,CANDU 6,1994-03-17,1998-07-01,665.0
44.341,-81.572,CA,Operational,PHWR,CANDU 750A,1972-07-01,1978-02-01,750.0
45.256,-0.691,FR,Operational,PWR,CP1,1977-01-01,1981-12-01,910.0
47.599,42.373,RU,Operational,PWR,VVER V-320,2010-06-16,2018-09-28,950.0
37.09,129.384444,KR,Operational,PWR,France CPI,1983-01-26,1988-09-10,903.0
25.038,121.924,TW,Operational,PWR,WH 3LP (WE 312),1979-02-21,1985-05-18,938.0
41.975,-86.564,US,Operational,PWR,WH 4LP (ICECDN),1969-03-25,1975-08-28,1030.0
51.2087,-3.1305,GB,Under Construction,PWR,EPR-1750,2018-12-11,0,1630.0
51.649,-2.567,GB,Shutdown,GCR,MAGNOX,1962-05-01,1967-12-31,300.0
40.244,-104.874,US,Shutdown,HTGR,0,1968-09-01,1979-07-01,330.0
59.837,29.039,RU,Planned,PWR,VVER V-491,0,0,1085.0
47.724,1.582,FR,Shutdown,GCR,UNGG,1963-10-01,1969-06-01,480.0
35.537,132.999,JP,Shutdown,BWR,BWR-3,1970-07-02,1974-03-29,439.0
55.722,-4.893,GB,Shutdown,GCR,AGR,1967-11-01,1977-04-01,624.0
46.693,6.827,CH,Shutdown,HWGCR,HWGCR: 2-loops,1962-04-01,0,6.0
34.796,-82.894,US,Operational,PWR,B&W LLP (DRYAMB),1967-11-06,1974-09-09,887.0
35.212,-120.854,US,Operational,PWR,WH 4LP (DRYAMB),1968-04-23,1985-05-07,1084.0
40.132222,-84.234722,US,Shutdown,OCR,OCM (Organically Cooled and Moderated Reactor),1960-01-01,1963-11-01,11.0
8.16627,77.708,IN,Under Construction,PWR,VVERV412,2021-06-29,0,917.0
47.732,2.513,FR,Operational,PWR,CP1,1975-04-01,1981-02-16,890.0
33.518,129.837,JP,Operational,PWR,M (4-loop),1992-07-15,1997-07-25,1127.0
44.331,4.733,FR,Operational,PWR,CP1,1975-04-01,1981-05-11,915.0
25.435,-80.33,US,Operational,PWR,WH 3LP (DRYAMB),1967-04-27,1972-12-14,693.0
51.742,0.899,GB,Shutdown,GCR,MAGNOX,1957-01-01,1962-11-12,150.0
43.812,-79.07,CA,Operational,PHWR,CANDU 500B,1976-03-01,1985-01-01,516.0
36.965556,122.52,CN,Under Construction,PWR,CAP1400,2013-03-22,0,1534.0
54.42,-3.491,GB,Shutdown,GCR,MAGNOX,1953-08-01,1957-02-01,35.0
35.053,-81.071,US,Operational,PWR,WH 4LP (ICECND),1974-05-01,1986-08-19,1145.0
41.188,141.393,JP,Suspended Operation,BWR,BWR-5,2000-11-07,2005-12-08,1067.0
45.796,5.268,FR,Shutdown,GCR,UNGG,1965-12-01,1972-07-01,540.0
51.674,35.607,RU,Shutdown,LWGR,RBMK-1000,1972-06-01,1977-10-12,925.0
53.891,9.202,DE,Shutdown,BWR,BWR-69,1970-04-15,1977-02-09,770.0
0.0,0.0,CN,Planned,PWR,0,0,0,0.0
51.639,9.393,DE,Shutdown,BWR,0,1968-01-26,1975-11-11,640.0
21.706,112.256,CN,Operational,PWR,CPR-1000,2008-12-16,2014-03-25,1021.0
50.533,5.271,BE,Operational,PWR,Framatome 3 loops reactor,1970-06-01,1975-10-01,870.0
35.544,135.652,JP,Shutdown,PWR,WH 4LP,1972-12-08,1979-12-05,1120.0
34.796,-82.894,US,Operational,PWR,B&W LLP (DRYAMB),1967-11-06,1974-12-16,887.0
39.807,-5.698,ES,Operational,PWR,WH 3LP,1973-07-03,1984-07-01,900.0
49.975,1.215,FR,Operational,PWR,P4 REP 1300,1984-08-01,1992-11-01,1330.0
47.511,2.871,FR,Operational,PWR,P4 REP 1300,1980-05-01,1988-06-01,1310.0
43.62453,25.1865,BG,Cancelled Construction,PWR,0,1987-03-31,0,953.0
43.867,-78.724,CA,Operational,PHWR,CANDU 850,1982-04-01,1992-11-14,881.0
44.331,4.733,FR,Operational,PWR,CP1,1975-05-01,1981-11-01,915.0
37.061,136.728,JP,Suspended Operation,BWR,BWR-5,1989-07-01,1993-07-30,505.0
44.322,28.061,RO,Cancelled Construction,PHWR,0,1987-05-12,0,655.0
51.323,4.259,BE,Operational,PWR,WH 2LP,1969-07-01,1975-02-15,392.0
49.975,1.215,FR,Operational,PWR,P4 REP 1300,1982-09-01,1990-12-01,1330.0
43.812,-79.07,CA,Shutdown,PHWR,CANDU 500A,1967-12-01,1972-06-01,508.0
35.212,-120.854,US,Operational,PWR,WH 4LP (DRYAMB),1970-12-09,1986-03-13,1106.0
47.811,31.22,UA,Operational,PWR,VVER V-320,1984-11-01,1989-12-29,950.0
47.508,34.627,UA,Operational,PWR,VVER V-320,1986-06-01,1996-09-17,950.0
51.014,2.138,FR,Operational,PWR,CP1,1975-02-01,1980-11-25,910.0
57.903,35.057,RU,Operational,PWR,VVER V-320,1985-10-01,2005-11-08,950.0
27.046,120.287,CN,Operational,PWR,CPR-1000,2008-02-18,2013-04-15,1018.0
55.084,36.57,RU,Shutdown,LWGR,AM-1,1951-01-01,1954-12-01,5.0
0.0,0.0,IR,Planned,0,0,0,0,0.0
41.27,-73.95,US,Shutdown,PWR,PWR,1956-05-01,1962-10-01,265.0
32.007,-91.045,US,Operational,BWR,BWR-6 (Mark 3),1974-05-04,1985-07-01,1250.0
61.234352,21.436287,FI,Planned,0,0,0,0,0.0
44.142,4.712,FR,Shutdown,FBR,PH-250,1968-11-01,1974-07-14,233.0
28.797,-96.044,US,Operational,PWR,WH 4LP (DRYAMB),1975-12-22,1988-08-25,1250.0
55.786863,42.37215,RU,Planned,PWR,0,0,0,0.0
36.466,140.612,JP,Shutdown,GCR,MAGNOX,1961-03-01,1966-07-25,159.0
37.083889,129.391667,KR,Under Construction,PWR,APR-1400,2013-06-19,0,1340.0
40.362,-2.818,ES,Shutdown,PWR,WH 1LP,1964-06-24,1969-08-13,153.0
39.467,-75.535,US,Operational,BWR,BWR-4 (Mark 1),1976-03-01,1986-12-20,1067.0
34.6828,119.456,CN,Under Construction,PWR,VVER-1200/V491,2021-05-19,0,1171.0
43.607,51.283,KZ,Shutdown,FBR,BN-350,1964-10-01,1973-07-16,52.0
46.395,-72.357,CA,Shutdown,HWLWR,HW BLWR 250,1966-09-01,1972-05-01,250.0
41.202,0.571,ES,Operational,PWR,WH 3LP,1975-03-07,1986-03-31,888.0
60.405,18.168,SE,Operational,BWR,"AA-IV, BWR-3000",1979-01-01,1985-08-18,1050.0
44.282,-87.534,US,Operational,PWR,WH 2LP (DRYAMB),1967-07-19,1970-12-21,497.0
50.533,5.271,BE,Operational,PWR,WH 3LP,1978-11-01,1985-09-01,1020.0
40.351389,120.545833,CN,Planned,PWR,AP1000,0,0,0.0
41.312,-72.166,US,Operational,PWR,CE 2LP (DRYAMB),1969-11-01,1975-12-26,870.0
48.607,12.296,DE,Shutdown,PWR,Konvoi,1982-09-15,1988-04-09,1285.0
36.466,140.612,JP,Suspended Operation,BWR,BWR-5,1973-10-03,1978-11-28,1056.0
52.471,7.322,DE,Shutdown,PWR,Konvoi,1982-08-10,1988-06-20,1242.0
25.720278,119.383889,CN,Operational,PWR,CNP-1000,2010-12-31,2016-10-24,1000.0
45.796,5.268,FR,Operational,PWR,CP0,1972-11-01,1979-03-01,920.0
35.601,-84.789,US,Operational,PWR,WH 4LP (ICECND),1973-07-20,1996-05-27,1218.0
12.553,80.174,IN,Suspended Operation,PHWR,Horizontal Pressure Tube type,1971-01-01,1984-01-27,202.0
46.201,-77.705,CA,Shutdown,PHWR,CANDU,1958-01-01,1962-10-01,17.0
34.621,138.141,JP,Suspended Operation,BWR,ABWR,2000-07-12,2005-01-18,1325.0
44.326,-81.601,CA,Shutdown,PHWR,CANDU 200,1960-02-01,1968-09-26,203.0
47.724,1.582,FR,Shutdown,GCR,UNGG,1966-01-01,1971-11-01,515.0
43.812,-79.07,CA,Operational,PHWR,CANDU 500A,1966-06-01,1971-07-29,508.0
46.471,-119.333,US,Operational,BWR,BWR-5 (Mark 2),1972-08-01,1984-12-13,1100.0
41.247,-88.23,US,Operational,PWR,WH 4LP (DRYAMB),1975-08-01,1988-07-29,1120.0
53.416,-4.48,GB,Shutdown,GCR,MAGNOX,1963-09-01,1971-11-01,550.0
35.544,135.652,JP,Operational,PWR,M (4-loop),1988-06-13,1993-02-02,1127.0
36.704,121.382,CN,Under Construction,PWR,CAP1000,2022-07-07,0,1161.0
48.494,17.687,SK,Operational,PWR,VVER V-213,1976-12-01,1985-12-18,466.0
46.574,18.855,HU,Operational,PWR,VVER V-213,1979-10-01,1986-12-01,410.0
41.353,-88.349,US,Operational,BWR,BWR-3 (Mark 1),1966-01-10,1970-06-09,794.0
48.513,10.401,DE,Shutdown,BWR,BWR-72,1976-07-20,1984-07-19,1244.0
25.443,119.453,CN,Operational,PWR,CNP-1000,2009-06-17,2015-10-16,1000.0
44.341,-81.572,CA,Operational,PHWR,CANDU 750B,1979-07-30,1987-05-20,795.0
51.68,7.972,DE,Shutdown,HTGR,Pebble bed reactor,1971-05-03,1987-06-01,296.0
49.416,6.217,FR,Operational,PWR,P4 REP 1300,1982-06-15,1991-02-01,1300.0
55.014,-3.223,GB,Shutdown,GCR,MAGNOX,1955-10-01,1959-03-01,35.0
40.351389,120.545833,CN,Planned,PWR,AP1000,0,0,0.0
35.405,126.41,KR,Operational,PWR,OPR-1000,1990-05-26,1996-01-01,950.0
25.720278,119.383889,CN,Operational,PWR,CNP-1000,2012-11-17,2017-09-17,1000.0
59.206,18.0829,SE,Shutdown,PHWR,0,1957-12-01,1964-05-01,9.0
0.0,0.0,CN,Planned,PWR,ACP100,0,0,0.0
46.969,7.266,CH,Shutdown,BWR,BWR-4,1967-03-01,1972-11-06,306.0
44.33,4.733,FR,Operational,PWR,CP1,1974-11-01,1980-12-01,915.0
19.46007,108.88992,CN,Under Construction,PWR,ACP100,2021-07-13,0,100.0
36.704,121.382,CN,Under Construction,PWR,CAP1000,2023-04-22,0,1161.0
35.327,129.302,KR,Operational,PWR,APR-1400,2008-10-16,2016-12-20,1340.0
49.416,6.217,FR,Operational,PWR,P4 REP 1300,1980-07-28,1988-02-01,1300.0
37.423,141.032,JP,Shutdown,BWR,BWR-4,1973-02-12,1978-10-12,760.0
24.876,75.608,IN,Operational,PHWR,Horizontal Pressure Tube type,1990-10-01,2000-12-23,202.0
45.068,-66.455,CA,Operational,PHWR,CANDU 6,1975-05-01,1983-02-01,660.0
31.044167,28.497778,EG,Under Construction,PWR,VVER-1200,2023-05-03,0,1100.0
41.483,-72.5,US,Shutdown,PWR,0,1964-05-01,1968-01-01,582.0
39.797,121.4765,CN,Operational,PWR,CPR-1000,2007-08-18,2013-06-06,1061.0
35.52,135.503,JP,Suspended Operation,PWR,M (3-loop),1970-04-25,1974-11-14,780.0
47.232,0.167,FR,Operational,PWR,CP2,1980-10-01,1987-03-04,905.0
30.727,-91.372,US,Operational,BWR,BWR-6 (Mark 3),1977-03-25,1986-06-16,966.0
19.834,72.657,IN,Operational,PHWR,Horizontal Pressure Tube Type,2000-03-08,2005-09-12,502.0
50.68,-2.272,GB,Shutdown,SGHWR,0,1963-05-01,1968-01-01,92.0
51.326,25.9,UA,Operational,PWR,VVER V-320,1980-02-01,1987-05-16,950.0
37.434,138.598,JP,Suspended Operation,BWR,BWR-5,1980-06-05,1985-09-18,1067.0
52.033,9.412,DE,Shutdown,PWR,PWR,1976-06-01,1985-02-01,1289.0
24.876,75.608,IN,Operational,PHWR,Horizontal Pressure Tube type,2002-09-18,2010-02-04,202.0
41.1856,141.388,JP,Planned,ABWR,0,0,0,0.0
51.209,-3.131,GB,Shutdown,GCR,MAGNOX,1957-11-01,1965-03-30,250.0
46.574,18.855,HU,Operational,PWR,VVER V-213,1979-10-01,1987-11-01,410.0
56.842,61.321,RU,Shutdown,LWGR,AMB-200,1962-01-01,1969-12-01,146.0
14.865,74.438,IN,Operational,PHWR,Horizontal Pressure Tube type,1989-12-01,2000-03-16,202.0
37.434,138.598,JP,Suspended Operation,BWR,BWR-5,1989-03-07,1993-08-11,1067.0
49.857,0.635,FR,Operational,PWR,P4 REP 1300,1980-02-01,1986-06-01,1330.0
51.014,2.138,FR,Operational,PWR,CP1,1979-10-01,1985-01-15,910.0
50.914,0.962,GB,Shutdown,GCR,MAGNOX,1960-07-01,1965-10-28,275.0
0.0,0.0,CN,Under Construction,PWR,HPR1000,2022-09-08,0,1116.0
0.0,0.0,CN,Planned,PWR,0,0,0,0.0
38.763,-91.781,US,Operational,PWR,WH 4LP (DRYAMB),1975-09-01,1984-12-19,1171.0
68.059,166.492,RU,Operational,LWGR,EGP-6,1970-01-01,1976-02-01,11.0
40.226944,-78.241944,US,Shutdown,PWR,25,1960-01-01,0,3.0
0.0,0.0,CN,Planned,PWR,0,0,0,0.0
28.8305,50.8872,IR,Planned,0,0,0,0,0.0
27.046,120.287,CN,Planned,PWR,CPR-1000,0,0,0.0
33.143,-81.76,US,Operational,PWR,WH 4LP (DRYAMB),1976-08-01,1987-06-01,1122.0
51.326,25.9,UA,Operational,PWR,VVER V-213,1973-08-01,1981-09-22,361.0
35.327,129.302,KR,Under Construction,PWR,APR-1400,2017-04-01,0,1340.0
51.323,4.259,BE,Operational,PWR,WH 2LP,1971-09-01,1975-12-01,445.0
54.029,-2.912,GB,Operational,GCR,AGR,1980-08-01,1989-04-01,615.0
51.273,39.197,RU,Operational,PWR,VVER V-392M,2009-07-12,2019-10-31,1114.0
27.046,120.287,CN,Planned,PWR,CPR-1000,0,0,0.0
22.693056,114.983333,CN,Under Construction,PWR,HPR1000,2019-12-26,0,1116.0
46.457,0.654,FR,Operational,PWR,N4 REP 1450,1988-10-15,2002-01-29,1450.0
19.46075,108.899917,CN,Operational,PWR,CNP-600,2010-11-21,2016-08-12,601.0
52.212,1.621,GB,Shutdown,GCR,MAGNOX,1961-04-01,1966-09-15,290.0
0.0,0.0,CN,Planned,PWR,0,0,0,0.0
58.577,-3.745,GB,Shutdown,FBR,0,1955-03-01,1962-10-01,14.0
43.812,-79.07,CA,Operational,PHWR,CANDU 500B,1974-11-01,1983-05-10,516.0
51.692,-2.494,GB,Shutdown,GCR,MAGNOX,1957-01-01,1962-06-12,138.0
0.0,0.0,CN,Planned,PWR,AP-1000,0,0,0.0
19.46075,108.899917,CN,Under Construction,PWR,HPR1000,2021-12-28,0,1000.0
35.722,129.479,KR,Operational,PWR,OPR-1000,2008-09-23,2015-07-24,950.0
39.797,121.4765,CN,Operational,PWR,CPR-1000,2009-08-15,2016-06-08,1061.0
14.868,74.4422,IN,Planned,PWR,0,0,0,0.0
29.66,114.67,CN,Planned,PWR,AP-1000,0,0,0.0
47.232,0.167,FR,Operational,PWR,CP2,1977-03-01,1984-02-01,870.0
37.434,138.598,JP,Suspended Operation,BWR,BWR-5,1985-11-18,1990-09-28,1067.0
47.232,0.167,FR,Shutdown,GCR,UNGG,1961-03-01,1966-08-04,480.0
53.41,10.41,DE,Shutdown,BWR,BWR-69,1974-04-05,1984-03-28,1260.0
54.143,13.668,DE,Shutdown,PWR,VVER V-230,1970-03-01,1974-07-12,440.0
39.797,121.4765,CN,Operational,PWR,CPR-1000,2009-03-07,2015-08-16,1061.0
40.182,44.147,AM,Operational,PWR,VVER V-270,1975-07-01,1980-05-03,375.0
43.8633,-78.7244,CA,Planned,PHWR,0,0,0,0.0
27.348,-80.244,US,Operational,PWR,CE 2LP (DRYAMB),1977-06-02,1983-08-08,830.0
51.209,-3.131,GB,Shutdown,GCR,AGR,1967-09-01,1978-10-02,625.0
35.321,129.295,KR,Operational,PWR,WH F,1979-10-01,1985-09-30,1001.0
21.706,112.256,CN,Operational,PWR,CPR-1000,2010-11-15,2016-01-01,1000.0
-23.008,-44.457,BR,Operational,PWR,WH 2LP,1971-05-01,1985-01-01,609.0
0.0,0.0,IN,Planned,PHWR,0,0,0,0.0
0.0,0.0,IN,Planned,PHWR,0,0,0,0.0
54.029,-2.912,GB,Operational,GCR,AGR,1980-08-01,1989-04-01,615.0
21.236,73.351,IN,Operational,PHWR,Horizontal Pressure Tube type,1984-12-01,1993-05-06,202.0
52.092,47.952,RU,Operational,PWR,VVER V-320,1980-12-01,1986-05-23,950.0
0.0,0.0,CN,Planned,FBR,0,0,0,0.0
43.867,-78.724,CA,Operational,PHWR,CANDU 850,1984-09-01,1993-02-14,881.0
40.624,-80.432,US,Operational,PWR,WH 3LP (DRYSUB),1974-05-03,1987-11-17,836.0
22.599,114.544,CN,Operational,PWR,M310,1988-04-07,1994-05-06,930.0
33.518,129.837,JP,Shutdown,PWR,M (2-loop),1971-09-15,1975-10-15,529.0
54.634,-1.18,GB,Operational,GCR,AGR,1968-10-01,1989-04-01,590.0
35.52,135.503,JP,Operational,PWR,M (3-loop),1981-03-19,1985-06-05,830.0
43.559,-91.23,US,Shutdown,BWR,0,1963-03-01,1969-11-07,50.0
57.259,12.111,SE,Shutdown,PWR,WH 3LP,1970-10-01,1975-05-01,820.0
48.513,10.401,DE,Shutdown,BWR,BWR-72,1976-07-20,1985-01-18,1249.0
35.635,-78.955,US,Operational,PWR,WH 3LP (DRYAMB),1978-01-28,1987-05-02,900.0
32.301,-97.787,US,Operational,PWR,WH 4LP (DRYAMB),1974-12-19,1990-08-13,1150.0
55.014,-3.223,GB,Shutdown,GCR,MAGNOX,1955-10-01,1959-08-01,35.0
43.951,-69.695,US,Shutdown,PWR,0,1968-10-01,1972-12-28,825.0
45.404,4.754,FR,Operational,PWR,P4 REP 1300,1979-01-29,1986-05-01,1335.0
16.595278,73.341111,IN,Planned,PWR,0,0,0,0.0
59.837,29.039,RU,Operational,LWGR,RBMK-1000,1975-02-01,1981-08-29,925.0
35.405,126.41,KR,Operational,PWR,WH F,1981-12-01,1987-06-10,903.0
35.053,-81.071,US,Operational,PWR,WH 4LP (ICECND),1974-05-01,1985-06-29,1145.0
41.507,140.909,JP,Under Construction,BWR,ABWR,2010-05-07,0,1328.0
41.597,-83.092,US,Operational,PWR,B&W RLP (DRYAMB),1970-09-01,1978-07-31,906.0
57.903,35.057,RU,Operational,PWR,VVER V-338,1982-02-01,1987-03-03,950.0
38.061,-77.792,US,Operational,PWR,WH 3LP (DRYSUB),1971-02-19,1978-06-06,907.0
68.059,166.492,RU,Shutdown,LWGR,EGP-6,1970-01-01,1974-04-01,11.0
44.622,-92.631,US,Operational,PWR,WH 2LP (DRYAMB),1969-06-25,1974-12-21,530.0
41.52,-96.076,US,Shutdown,PWR,CE 2LP,1968-06-07,1973-09-26,478.0
34.621,138.141,JP,Shutdown,BWR,BWR-4,1971-06-10,1976-03-17,516.0
35.31,-93.229,US,Operational,PWR,CE 2LP (DRYAMB),1968-12-06,1980-03-26,912.0
55.014,-3.223,GB,Shutdown,GCR,MAGNOX,1955-10-01,1959-12-01,35.0
39.797,121.4831,CN,Operational,PWR,ACPR-1000,2015-03-29,2021-07-31,1061.0
49.984,10.186,DE,Shutdown,PWR,PWR,1975-01-01,1982-06-17,1225.0
53.62,9.53,DE,Shutdown,PWR,0,1967-12-01,1972-05-19,630.0
48.604,12.304,DE,Decommissioning Completed,HWGCR,pressure tube reactor,1966-06-01,0,100.0
21.8575,111.9825,CN,Operational,PWR,CPR-1000,2012-11-17,2017-03-15,1000.0
49.039,9.176,DE,Shutdown,PWR,PWR,1972-02-01,1976-12-01,805.0
24.066667,89.047222,BD,Under Construction,PWR,VVER V-523,2018-07-14,0,1080.0
42.101,-91.776,US,Shutdown,BWR,BWR-4 (Mark 1),1970-06-22,1975-02-01,601.0
49.416,6.217,FR,Operational,PWR,P4 REP 1300,1979-10-29,1987-04-01,1300.0
42.323,-86.316,US,Shutdown,PWR,CE 2LP (DRYAMB),1967-03-12,0,805.0
0.0,0.0,JP,Planned,PWR,0,0,0,0.0
47.508,34.627,UA,Operational,PWR,VVER V-320,1982-04-01,1987-03-05,950.0
45.798,5.268,FR,Operational,PWR,CP0,1973-09-01,1979-03-01,920.0
51.323,4.259,BE,Shutdown,PWR,WH 3LP,1975-01-01,1982-10-01,890.0
31.935,-82.346,US,Operational,BWR,BWR-4 (Mark 1),1972-02-01,1979-09-05,784.0
35.537,132.999,JP,Suspended Operation,BWR,BWR-5,1985-02-02,1989-02-10,789.0
47.599,42.373,RU,Operational,PWR,VVER V-320,2009-09-15,2015-09-17,950.0
43.038,140.515,JP,Suspended Operation,PWR,M (2-loop),1985-06-13,1991-04-12,550.0
37.061,136.728,JP,Suspended Operation,BWR,ABWR,2001-08-20,2006-03-15,1304.0
27.201487,120.517974,CN,Under Construction,PWR,HRP1000,2020-12-31,0,1117.0
0.0,0.0,JP,Planned,PWR,0,0,0,0.0
43.812,-79.07,CA,Operational,PHWR,CANDU 500B,1975-10-01,1984-02-01,516.0
36.144444,33.541111,TR,Under Construction,PWR,VVER V-509,2018-04-03,0,1114.0
40.351389,120.545833,CN,Under Construction,PWR,VVER-1200/V491,2021-07-28,0,1200.0
56.842,61.321,RU,Shutdown,LWGR,AMB-100,1958-06-01,1964-04-26,102.0
54.426,-3.505,GB,Shutdown,GCR,AGR,1958-11-01,1963-03-01,32.0
44.634,4.757,FR,Operational,PWR,CP2,1978-08-01,1984-04-02,880.0
37.083889,129.391667,KR,Operational,PWR,APR-1400,2012-07-10,2022-12-07,1340.0
43.8644,-78.7244,CA,Planned,PHWR,0,0,0,0.0
35.31,-93.23,US,Operational,PWR,B&W LLP (DRYAMB),1968-10-01,1974-12-19,850.0
57.415,16.666,SE,Shutdown,BWR,AA-II,1969-09-01,1975-01-01,580.0
56.842,61.321,RU,Operational,FBR,BN-800,2006-07-18,2016-10-31,820.0
26.803611,120.155,CN,Under Construction,FBR,CFR-600,2020-12-27,0,600.0
46.574,18.855,HU,Operational,PWR,VVER V-213,1974-08-01,1984-11-14,410.0
0.0,0.0,CN,Planned,PWR,0,0,0,0.0
55.787102,42.37215,RU,Planned,PWR,0,0,0,0.0
34.621,138.141,JP,Suspended Operation,BWR,BWR-5,1989-10-13,1993-09-03,1092.0
49.253,8.432,DE,Shutdown,PWR,PWR,1977-07-07,1985-04-18,1268.0
37.423,141.032,JP,Shutdown,BWR,BWR-3,1967-07-25,1971-03-26,439.0
52.092,47.952,RU,Operational,PWR,VVER V-320,1981-08-01,1988-01-18,950.0
42.0,35.0,TR,Planned,PWR,ATMEA-1,0,0,0.0
22.609,114.552,CN,Operational,PWR,CPR-1000,2005-12-15,2010-09-15,1007.0
12.553,80.174,IN,Operational,PHWR,Horizontal Pressure Tube type,1972-10-01,1986-03-21,202.0
37.423,141.032,JP,Shutdown,BWR,BWR-4,1972-05-22,1978-04-18,760.0
40.624,-80.432,US,Operational,PWR,WH 3LP (DRYSUB),1970-06-26,1976-10-01,835.0
51.674,35.607,RU,Under Construction,PWR,VVER V-510,2019-05-01,0,1200.0
37.434,138.598,JP,Suspended Operation,BWR,ABWR,1992-11-03,1996-11-07,1315.0
49.039,9.176,DE,Shutdown,PWR,Konvoi,1982-11-09,1989-04-15,1225.0
23.829167,117.491667,CN,Under Construction,PWR,HPR-1000,2020-09-04,0,1126.0
34.69,119.456,CN,Operational,PWR,VVER V-428,1999-10-20,2007-05-17,990.0
29.101,121.642,CN,Operational,PWR,AP-1000,2009-04-19,2018-09-21,1157.0
49.089,16.149,CZ,Operational,PWR,VVER V-213,1979-03-01,1987-07-19,420.0
34.6868,119.456,CN,Operational,PWR,VVER V-428M,2012-12-27,2018-02-14,1060.0
43.038,140.515,JP,Suspended Operation,PWR,M (2-loop),1985-04-18,1989-06-22,550.0
61.235,21.444,FI,Operational,BWR,"AA-III, BWR-2500",1974-02-01,1979-10-10,660.0
26.803611,120.155,CN,Under Construction,FBR,CFR600,2017-12-29,0,642.0
0.0,0.0,CN,Planned,PWR,AP-1000,0,0,0.0
22.693056,114.983333,CN,Under Construction,PWR,HPR1000,2020-10-15,0,1116.0
47.732,2.513,FR,Operational,PWR,CP1,1975-02-01,1980-09-10,890.0
57.259,12.111,SE,Shutdown,BWR,AA-I,1969-02-01,1976-01-01,881.0
39.216,-1.051,ES,Operational,BWR,BWR-6 (Mark 3),1975-09-09,1985-03-11,939.0
30.44,120.95,CN,Operational,PWR,CNP-600,2007-01-28,2011-12-30,619.0
21.917778,112.981944,CN,Operational,PWR,EPR-1750,2009-11-18,2018-12-13,1660.0
0.0,0.0,CN,Planned,PWR,ACPR50S,0,0,0.0
-33.966667,-59.211111,AR,Under Construction,PWR,CAREM Prototype (Integrated-PWR),2015-08-25,0,25.0
37.423,141.032,JP,Shutdown,BWR,BWR-4,1969-06-09,1974-07-18,760.0
35.228,-85.094,US,Operational,PWR,WH 4LP (ICECND),1970-05-27,1981-07-01,1148.0
54.42,-3.491,GB,Shutdown,GCR,MAGNOX,1953-08-01,1956-10-01,35.0
41.427,12.808,IT,Shutdown,GCR,MAGNOX,1958-11-01,1964-01-01,200.0
41.246,-88.672,US,Operational,BWR,BWR-5 (Mark 2),1973-09-10,1984-01-01,1078.0
39.739,116.03,CN,Operational,FBR,BN-20,2000-05-10,0,20.0
47.552,8.229,CH,Operational,PWR,WH 2LP,1968-01-01,1972-03-04,350.0
40.172,-88.834,US,Operational,BWR,BWR-6 (Mark 3),1975-10-01,1987-11-24,950.0
8.16666,77.708,IN,Under Construction,PWR,VVER V-412,2017-10-23,0,917.0
47.508,34.627,UA,Operational,PWR,VVER V-320,1981-01-01,1986-02-15,950.0
21.6,108.3,CN,Operational,PWR,CPR-1000,2010-07-30,2016-01-01,1000.0
49.181,14.377,CZ,Operational,PWR,VVER V-320,1987-02-01,2002-06-10,1027.0
35.722,129.479,KR,Operational,PWR,OPR-1000,2007-11-20,2012-07-31,950.0
36.144444,33.541111,TR,Under Construction,PWR,VVER V-509,2022-07-21,0,1114.0
34.295833,-81.320278,US,Suspended Construction,PWR,AP-1000,2013-03-09,0,1117.0
55.745,12.926,SE,Shutdown,BWR,AA-II,1973-01-01,1977-07-01,570.0
35.701,135.962,JP,Shutdown,PWR,WH 2LP,1967-02-01,1970-11-28,320.0
44.105,0.845,FR,Operational,PWR,P4 REP 1300,1982-11-17,1991-02-01,1310.0
54.029,-2.912,GB,Operational,GCR,AGR,1970-12-01,1989-04-01,611.0
0.0,0.0,CN,Planned,PWR,0,0,0,0.0
47.599,42.373,RU,Operational,PWR,VVER V-320,1981-09-01,2001-12-25,950.0
39.463,-75.534,US,Operational,PWR,WH 4LP (DRYAMB),1968-09-25,1977-06-30,1090.0
51.014,2.138,FR,Operational,PWR,CP1,1979-10-01,1985-10-25,910.0
37.09,129.384444,KR,Operational,PWR,OPR-1000,2000-09-29,2005-04-22,950.0
51.674,35.607,RU,Operational,LWGR,RBMK-1000,1978-04-01,1984-03-30,925.0
46.457,0.654,FR,Operational,PWR,N4 REP 1450,1991-04-01,2002-04-23,1450.0
19.834,72.657,IN,Suspended Operation,BWR,BWR-1 (Mark 2),1964-10-01,1969-10-28,200.0
53.429,8.477,DE,Shutdown,PWR,PWR,1972-07-01,1979-09-06,1230.0
44.282,-87.534,US,Operational,PWR,WH 2LP (DRYAMB),1968-07-25,1972-10-01,497.0
51.275,39.206,RU,Shutdown,PWR,VVER V-365,1964-06-01,1970-04-14,336.0
50.086,4.792,FR,Operational,PWR,N4 REP 1450,1984-01-01,2000-05-15,1455.0
50.086,4.792,FR,Shutdown,PWR,CHOOZ-A,1962-01-01,1967-04-15,280.0
39.463,-75.534,US,Operational,PWR,WH 4LP (DRYAMB),1968-09-25,1981-10-13,1115.0
0.0,0.0,CN,Planned,PWR,0,0,0,0.0
31.834,130.193,JP,Operational,PWR,M (3-loop),1979-12-15,1984-07-04,846.0
14.865,74.438,IN,Operational,PHWR,Horizontal Pressure Tube type,1989-09-01,2000-11-16,202.0
45.334,-93.85,US,Operational,BWR,BWR-3 (Mark 1),1967-06-19,1971-06-30,545.0
40.741,-124.21,US,Shutdown,BWR,Natural cir.,1960-11-01,1963-08-01,65.0
58.577,-3.745,GB,Shutdown,FBR,0,1966-01-01,1976-07-01,234.0
19.46075,108.899917,CN,Operational,PWR,CNP-600,2010-04-25,2015-12-25,601.0
23.829167,117.491667,CN,Under Construction,PWR,HPR1000,2019-10-16,0,1126.0
47.232,0.167,FR,Operational,PWR,CP2,1977-03-01,1984-08-01,870.0
24.845,66.79,PK,Operational,PWR,ACP-1000,2015-08-20,2021-05-21,1017.0
50.914,0.962,GB,Shutdown,GCR,AGR,1965-10-01,1985-04-01,607.0
40.559,-96.785,US,Shutdown,OCR,LMGMR (SGR-Sodium cooled graphite moderated reactor),1959-01-01,1963-11-01,75.0
37.09,129.384444,KR,Operational,PWR,France CPI,1983-07-05,1989-09-30,903.0
8.167,77.713,IN,Operational,PWR,VVER V-412,2002-03-31,2014-12-31,917.0
44.322,28.061,RO,Suspended Construction,PHWR,0,1984-02-09,0,655.0
41.975,-86.564,US,Operational,PWR,WH 4LP (ICECDN),1969-03-25,1978-07-01,1100.0
-32.232,-64.442,AR,Operational,PHWR,CANDU 6,1974-04-01,1984-01-20,608.0
22.609,114.552,CN,Operational,PWR,CPR-1000,2006-06-15,2011-08-07,1007.0
33.518,129.837,JP,Shutdown,PWR,M (2-loop),1977-02-01,1981-03-30,529.0
51.674,35.607,RU,Operational,LWGR,RBMK-1000,1981-05-01,1986-02-05,925.0
25.435,-80.33,US,Operational,PWR,WH 3LP (DRYAMB),1967-04-27,1973-09-07,693.0
32.392,71.463,PK,Operational,PWR,CNP-300,1993-08-01,2000-09-15,300.0
8.16705,77.708,IN,Under Construction,PWR,VVER V-412,2017-06-29,0,917.0
42.0,35.0,TR,Planned,PWR,ATMEA-1,0,0,0.0
35.327,129.302,KR,Operational,PWR,OPR-1000,2007-06-05,2012-07-20,995.0
38.239,-95.691,US,Operational,PWR,WH 4LP (DRYAMB),1977-05-31,1985-09-03,1170.0
60.405,18.168,SE,Operational,BWR,"AA-III, BWR-2500",1973-06-01,1980-12-10,900.0
35.71,129.476,KR,Operational,PHWR,CANDU 6,1992-09-25,1997-07-01,652.0
0.0,0.0,CN,Planned,PWR,0,0,0,0.0
35.7101,129.481,KR,Planned,PHWR,0,0,0,0.0
42.728,-72.929,US,Shutdown,PWR,PWR,1957-11-01,1961-07-01,175.0
67.467,32.491,RU,Operational,PWR,VVER V-213,1977-04-01,1982-12-03,411.0
44.322,28.061,RO,Suspended Construction,PHWR,0,1985-08-15,0,655.0
38.4,141.504,JP,Suspended Operation,BWR,BWR-5,1998-01-23,2002-01-30,796.0
54.143,13.668,DE,Shutdown,PWR,VVER V-213,1976-12-01,1989-11-01,408.0
41.093,-76.143,US,Operational,BWR,BWR-4 (Mark 2),1973-11-02,1983-06-08,1065.0
0.0,0.0,CN,Planned,PWR,0,0,0,0.0
35.544,135.652,JP,Shutdown,PWR,WH 4LP,1972-10-26,1979-03-27,1120.0
34.263,-81.33,US,Shutdown,PHWR,Prototype,1960-01-01,1963-12-18,17.0
37.315,141.024,JP,Shutdown,BWR,BWR-5,1979-05-25,1984-02-03,1067.0
40.949,0.867,ES,Operational,PWR,WH 3LP,1980-12-29,1988-03-08,930.0
35.228,-85.094,US,Operational,PWR,WH 4LP (ICECND),1970-05-27,1982-06-01,1148.0
37.434,138.598,JP,Suspended Operation,BWR,BWR-5,1985-06-20,1990-04-10,1067.0
37.315,141.024,JP,Shutdown,BWR,BWR-5,1981-03-23,1985-06-21,1067.0
52.212,1.621,GB,Shutdown,GCR,MAGNOX,1961-04-01,1966-03-25,290.0
0.0,0.0,CN,Planned,PWR,0,0,0,0.0
25.203,121.662,TW,Shutdown,BWR,BWR-6,1975-11-19,1981-12-28,948.0
55.6057,26.575842,LT,Planned,0,0,0,0,0.0
57.903,35.057,RU,Operational,PWR,VVER V-338,1977-02-01,1985-06-12,950.0
51.014,2.138,FR,Operational,PWR,CP1,1975-03-01,1980-12-01,910.0
35.327,129.302,KR,Operational,PWR,APR-1400,2009-08-19,2019-08-29,1340.0
42.0,35.0,TR,Planned,PWR,ATMEA-1,0,0,0.0
34.621,138.141,JP,Suspended Operation,BWR,BWR-5,1983-04-18,1987-08-28,1056.0
44.47,-87.498,US,Shutdown,PWR,WH 2LP (DRYAMB),1968-08-06,1974-06-16,535.0
67.467,32.491,RU,Operational,PWR,VVER V-230,1970-05-01,1973-12-28,411.0
35.751,136.02,JP,Shutdown,HWLWR,ATR,1972-05-10,1979-03-20,148.0
42.446,-87.801,US,Shutdown,PWR,WH 4LP,1968-12-01,1973-12-31,1040.0
34.295833,-81.320278,US,Suspended Construction,PWR,AP-1000,2013-11-02,0,1117.0
43.522,-76.412,US,Operational,BWR,BWR-5 (Mark 2),1975-08-01,1988-03-11,1100.0
50.059,8.987,DE,Decommissioning Completed,BWR,BWR,1958-07-01,0,15.0
61.234,21.435,FI,Operational,PWR,EPR,2005-08-12,0,1600.0
52.21939,1.6228,GB,Planned,PWR,0,0,0,0.0
34.6828,119.456,CN,Under Construction,PWR,VVER-1200/V491,2022-02-25,0,1171.0
29.66,114.67,CN,Planned,PWR,AP-1000,0,0,0.0
29.994,-90.471,US,Operational,PWR,CE 2LP (DRYAMB),1974-11-14,1985-09-24,1104.0
35.537,132.999,JP,Under Construction,BWR,ABWR,2006-10-24,0,1325.0
34.6858,119.456,CN,Operational,PWR,VVER V-428M,2013-09-27,2018-12-22,1060.0
28.796,-96.044,US,Operational,PWR,WH 4LP (DRYAMB),1975-12-22,1989-06-19,1250.0
23.952748,52.203298,AE,Under Construction,PWR,APR-1400,2015-07-30,0,1310.0
30.44,120.95,CN,Operational,PWR,CNP-600,1996-06-02,2002-04-15,610.0
57.259,12.111,SE,Operational,PWR,WH 3LP,1972-09-01,1981-09-09,915.0
44.341,-81.572,CA,Operational,PHWR,CANDU 750B,1978-05-31,1985-02-28,822.0
44.142,4.713,FR,Shutdown,GCR,0,1956-03-01,1960-04-04,36.0
44.634,4.757,FR,Operational,PWR,CP2,1979-04-15,1984-09-10,880.0
49.857,0.635,FR,Operational,PWR,P4 REP 1300,1979-02-01,1986-02-01,1330.0
55.745,12.926,SE,Shutdown,BWR,AA-II,1971-02-01,1975-07-01,570.0
43.812,-79.07,CA,Shutdown,PHWR,CANDU 500A,1966-09-01,1971-12-30,508.0
43.867,-78.724,CA,Operational,PHWR,CANDU 850,1985-07-01,1993-06-14,881.0
47.72,1.581,FR,Operational,PWR,CP2,1976-07-01,1983-08-01,880.0
34.6828,119.456,CN,Operational,PWR,CNP-1000,2016-09-07,2021-06-02,1000.0
40.154,-76.727,US,Shutdown,PWR,B&W LLP (DRYAMB),1968-05-18,1974-09-02,819.0
47.508,34.627,UA,Operational,PWR,VVER V-320,1980-04-01,1985-12-25,950.0
45.8,5.267,FR,Operational,PWR,CP0,1974-06-01,1979-07-01,900.0
41.727,-90.308,US,Operational,BWR,BWR-3 (Mark 1),1967-02-15,1973-03-10,789.0
25.720278,119.383889,CN,Operational,PWR,HPR1000,2015-12-22,2022-03-25,1075.0
53.147,12.991,DE,Shutdown,PWR,VVER-70,1960-01-01,1966-10-11,62.0
48.261,18.455,SK,Operational,PWR,VVER V-213,1987-01-27,0,440.0
44.622,-92.631,US,Operational,PWR,WH 2LP (DRYAMB),1968-06-25,1973-12-16,530.0
40.699,-2.622,ES,Operational,PWR,PWR 3 loops,1979-08-17,1988-08-06,990.0
41.96,-83.257,US,Operational,BWR,BWR-4 (Mark 1),1972-09-26,1988-01-23,1093.0
43.744,23.776,BG,Shutdown,PWR,VVER V-230,1970-04-01,1974-10-28,408.0
43.744,23.776,BG,Operational,PWR,VVER V-320,1982-04-01,1993-12-30,1003.0
40.154,-76.727,US,Shutdown,PWR,PWR,1969-11-01,1978-12-30,906.0
49.537,-1.881,FR,Operational,PWR,P4 REP 1300,1980-05-01,1987-03-09,1330.0
0.0,0.0,IR,Planned,0,0,0,0,0.0
54.169,33.245,RU,Operational,LWGR,RBMK-1000,1976-06-01,1985-07-02,925.0
55.6057,26.575842,LT,Planned,0,0,0,0,0.0
0.0,0.0,CN,Planned,PWR,0,0,0,0.0
43.812,-79.07,CA,Operational,PHWR,CANDU 500B,1976-09-01,1986-02-28,516.0
28.8287,50.8895,IR,Under Construction,PWR,V-528 VVER-1000 AES-92 GIII+,2019-09-27,0,974.0
38.345,-121.12,US,Shutdown,PWR,PWR,1969-04-01,1975-04-17,918.0
0.0,0.0,IN,Planned,PHWR,0,0,0,0.0
51.649,-2.567,GB,Shutdown,GCR,MAGNOX,1962-05-01,1968-09-30,300.0
56.842,61.321,RU,Operational,FBR,BN-600,1969-01-01,1981-11-01,560.0
23.952748,52.203298,AE,Operational,PWR,APR-1400,2014-09-24,2023-02-24,1310.0
48.35,-3.866667,FR,Shutdown,HWGCR,Monts-D'Arree,1962-07-01,1968-06-01,70.0
51.389,30.103,UA,Shutdown,LWGR,RBMK,1973-02-01,1979-05-28,925.0
52.092,47.952,RU,Operational,PWR,VVER V-320,1982-11-01,1989-04-08,950.0
35.672,136.079,JP,Shutdown,BWR,BWR-2,1966-11-24,1970-03-14,341.0
37.423,141.032,JP,Shutdown,BWR,BWR-5,1973-10-26,1979-10-24,1067.0
51.275,39.206,RU,Shutdown,PWR,VVER V-179,1967-07-01,1972-06-29,385.0
50.301,26.649,UA,Operational,PWR,VVER V-320,1985-02-01,2005-12-15,950.0
35.405,126.41,KR,Operational,PWR,OPR-1000,1989-12-23,1995-03-31,950.0
19.719,-96.405,MX,Operational,BWR,BWR-5,1977-06-01,1995-04-10,780.0
0.0,0.0,CN,Planned,PWR,0,0,0,0.0
35.321,129.295,KR,Operational,PWR,WH F,1980-04-01,1986-04-29,1012.0
33.368,-117.556,US,Shutdown,PWR,CE (2-loop) DRYAMB,1974-03-01,1983-08-08,1070.0
35.544,135.652,JP,Operational,PWR,M (4-loop),1987-10-03,1991-12-18,1127.0
25.292,121.567,TW,Shutdown,BWR,BWR-4 (Mark 1),1973-12-07,1979-07-15,604.0
45.256,-0.691,FR,Operational,PWR,CP1,1977-01-01,1983-02-01,910.0
43.522,-76.412,US,Operational,BWR,BWR-2 (Mark 1),1965-04-12,1969-12-01,620.0
47.811,31.22,UA,Operational,PWR,VVER V-338,1981-07-01,1985-04-06,950.0
55.014,-3.223,GB,Shutdown,GCR,MAGNOX,1955-10-01,1960-03-01,35.0
51.763056,6.326944,DE,Never Commissioned,FBR,SNR-300,1973-04-23,0,295.0
33.387,-112.863,US,Operational,PWR,CE80 2LP (DRYAMB),1976-06-01,1986-09-19,1304.0
45.256,-0.691,FR,Operational,PWR,CP1,1978-04-01,1983-10-01,910.0
-23.01,-44.47,BR,Under Construction,PWR,PRE KONVOI,2010-05-30,0,1340.0
40.361,-95.643,US,Operational,BWR,BWR-4 (Mark 1),1968-06-01,1974-07-01,778.0
54.766667,26.116667,BY,Operational,PWR,VVER V-491,2014-04-27,0,1110.0
49.365,9.077,DE,Shutdown,PWR,0,1965-03-15,1969-03-31,283.0
50.303056,26.642778,UA,Under Construction,PWR,VVER,1986-03-01,0,1035.0
41.353,-88.349,US,Shutdown,BWR,0,1956-05-01,1960-07-04,192.0
49.537,-1.881,FR,Operational,PWR,P4 REP 1300,1979-12-01,1986-12-01,1330.0
47.552,8.229,CH,Operational,PWR,WH 2LP,1965-09-01,1969-12-09,350.0
41.27,-73.95,US,Shutdown,PWR,WH 4LP (DRYAMB),1966-10-14,1974-08-01,873.0
37.09,129.384444,KR,Operational,PWR,OPR-1000,1993-11-01,1999-12-31,950.0
52.923,-3.947,GB,Shutdown,GCR,MAGNOX,1959-07-01,1965-03-24,250.0
51.899,5.687,NL,Shutdown,BWR,GE design,1965-05-01,1969-03-26,54.0
48.261,18.455,SK,Under Construction,PWR,VVER V-213,1987-01-27,0,440.0
41.312,-72.166,US,Shutdown,BWR,0,1966-05-01,1971-03-01,660.0
31.044167,28.497778,EG,Under Construction,PWR,VVER-1200,2022-11-19,0,1100.0
50.055,8.985,DE,Decommissioning Completed,BWR,Superheated steam reactor,1965-01-01,0,23.0
45.297,-93.557,US,Shutdown,BWR,0,1959-01-01,1964-07-01,22.0
28.966,-82.697,US,Shutdown,PWR,B&W LLP (DRYAMB),1968-09-25,1977-03-13,825.0
30.44,120.95,CN,Operational,PWR,CNP-300,1985-03-20,1994-04-01,289.0
8.167,77.713,IN,Operational,PWR,VVER V-412,2002-07-04,2017-03-31,917.0
52.922,-3.947,GB,Shutdown,GCR,MAGNOX,1959-07-01,1965-03-24,250.0
27.046,120.287,CN,Operational,PWR,CPR-1000,2010-09-29,2016-07-21,1018.0
54.42,-3.491,GB,Shutdown,GCR,MAGNOX,1955-08-01,1958-05-01,35.0
24.876,75.608,IN,Suspended Operation,PHWR,Horizontal Pressure Tube type,1965-08-01,1973-12-16,207.0
35.321,129.295,KR,Operational,PWR,WH F,1977-12-23,1983-07-25,618.0
69.709579,170.30625,RU,Operational,PWR,KLT-40S 'Floating',2007-04-15,2020-05-22,30.0
21.8575,111.9825,CN,Operational,PWR,ACPR-1000,2013-09-18,2018-07-12,1021.0
30.44,120.95,CN,Operational,PHWR,CANDU 6,1998-09-25,2003-07-24,677.0
34.704,-87.119,US,Operational,BWR,BWR-4 (Mark 1),1968-07-01,1977-03-01,1065.0
41.96,-83.257,US,Shutdown,FBR,Liquid Metal FBR,1956-08-08,1966-08-07,60.0
0.0,0.0,IN,Planned,PHWR,0,0,0,0.0
38.4,141.504,JP,Suspended Operation,BWR,BWR-5,1991-04-12,1995-07-28,796.0
59.837,29.039,RU,Shutdown,LWGR,RBMK-1000,1970-03-01,1974-11-01,925.0
35.701,135.962,JP,Operational,PWR,M (3-loop),1972-08-07,1976-12-01,780.0
0.0,0.0,JP,Planned,ABWR,0,0,0,0.0
33.958,-78.007,US,Operational,BWR,BWR-4 (Mark 1),1970-02-07,1975-11-03,821.0
48.607,12.296,DE,Shutdown,BWR,BWR-69,1972-05-01,1979-03-21,870.0
43.279,-77.311,US,Operational,PWR,WH 2LP (DRYAMB),1966-04-25,1970-07-01,470.0
36.4625,140.61,JP,Shutdown,BWR,BWR-1,1960-12-01,1965-03-15,10.0
44.142,4.713,FR,Shutdown,GCR,0,1955-03-01,1959-04-22,36.0
-23.008,-44.457,BR,Operational,PWR,PRE KONVOI,1976-01-01,2001-02-01,1245.0
51.2087,-3.1305,GB,Under Construction,PWR,EPR-1750,2019-12-12,0,1630.0
42.775,-3.205,ES,Shutdown,BWR,BWR-3,1966-09-01,1971-05-11,440.0
67.467,32.491,RU,Operational,PWR,VVER V-213,1976-08-01,1984-12-06,411.0
34.402,-80.158,US,Operational,PWR,WH 3LP (DRYAMB),1967-04-13,1971-03-07,700.0
30.707778,48.38,IR,Unknown,PWR,0,0,0,0.0
0.0,0.0,CN,Planned,PWR,ACP100S,0,0,0.0
47.811,31.22,UA,Operational,PWR,VVER V-302,1976-08-01,1983-12-02,950.0
38.061,-77.792,US,Operational,PWR,WH 3LP (DRYSUB),1971-02-19,1980-12-14,907.0
19.46075,108.899917,CN,Under Construction,PWR,HPR1000,2021-03-31,0,1000.0
61.235,21.444,FI,Operational,BWR,"AA-III, BWR-2500",1975-11-01,1982-07-10,660.0
41.258,13.835,IT,Shutdown,BWR,BWR-1,1959-11-01,1964-06-01,150.0
24.876,75.608,IN,Operational,PHWR,Horizontal Pressure Tube type,1968-04-01,1981-04-01,207.0
41.727,-90.308,US,Operational,BWR,BWR-3 (Mark 1),1967-02-15,1973-02-18,789.0
34.69,119.456,CN,Operational,PWR,VVER V-428,2000-09-20,2007-08-16,990.0
41.353,-88.349,US,Operational,BWR,BWR-3 (Mark 1),1966-10-14,1971-11-16,794.0
55.966,-2.399,GB,Operational,GCR,AGR,1980-08-01,1988-05-25,645.0
27.046,120.287,CN,Operational,PWR,CPR-1000,2010-01-08,2015-06-10,1018.0
49.181,14.377,CZ,Operational,PWR,VVER V-320,1987-02-01,2003-04-18,1029.0
57.415,16.666,SE,Shutdown,BWR,AA-I,1966-08-01,1972-02-06,440.0
68.059,166.492,RU,Operational,LWGR,EGP-6,1970-01-01,1975-02-01,11.0
27.046,120.287,CN,Operational,PWR,CPR-1000,2008-11-12,2014-05-04,1018.0
30.44,120.95,CN,Operational,PHWR,CANDU 6,1998-06-08,2002-12-31,677.0
21.706,112.256,CN,Operational,PWR,CPR-1000,2009-06-04,2015-06-05,1000.0
47.366,7.969,CH,Operational,PWR,PWR 3 Loop,1973-12-01,1979-11-01,920.0
41.202,0.571,ES,Operational,PWR,WH 3LP,1974-05-16,1984-12-10,888.0
51.209,-3.131,GB,Shutdown,GCR,AGR,1967-09-01,1976-09-27,625.0
48.261,18.455,SK,Operational,PWR,VVER V-213,1983-10-13,2000-04-11,408.0
44.634,4.757,FR,Operational,PWR,CP2,1979-10-01,1985-02-11,880.0
36.704,121.382,CN,Operational,PWR,AP-1000,2010-06-20,2019-01-09,1126.0
49.089,16.149,CZ,Operational,PWR,VVER V-213,1979-01-01,1985-05-03,420.0
67.467,32.491,RU,Operational,PWR,VVER V-230,1970-05-01,1975-02-21,411.0
51.674,35.607,RU,Operational,LWGR,RBMK-1000,1973-01-01,1979-08-17,925.0
52.381,39.211,RU,Operational,PWR,VVER V-187,1974-03-01,1981-02-20,950.0
0.0,0.0,ID,Planned,0,0,0,0,0.0
24.066667,89.047222,BD,Under Construction,PWR,VVER V-523,2017-11-30,0,1080.0
41.1856,141.39,JP,Planned,ABWR,0,0,0,0.0
45.76,5.474,FR,Shutdown,FBR,Na-1200,1976-12-13,1986-12-01,1200.0
32.392,71.463,PK,Operational,PWR,CNP-300,2005-12-28,2011-05-18,300.0
37.166,-76.7,US,Operational,PWR,WH 3LP (DRYSUB),1968-06-25,1973-05-01,788.0
28.8305,50.8872,IR,Planned,0,0,0,0,0.0
37.434,138.598,JP,Suspended Operation,BWR,BWR-5,1990-03-05,1994-08-11,1067.0
44.341,-81.572,CA,Operational,PHWR,CANDU 750B,1979-05-01,1986-04-10,822.0
48.261,18.455,SK,Operational,PWR,VVER V-213,1983-10-13,1998-10-29,408.0
55.604,26.562,LT,Shutdown,LWGR,RBMK-1500,1977-05-01,1985-05-01,1500.0
47.903,7.564,FR,Shutdown,PWR,CP0,1972-02-01,1978-04-01,880.0
28.156,78.409,IN,Operational,PHWR,Horizontal Pressure Tube type,1976-12-01,1991-01-01,202.0
44.322,28.061,RO,Operational,PHWR,CANDU 6,1983-07-01,2007-11-01,650.0
36.979167,122.530556,CN,Operational,HTGR,HTR-PM,2012-12-09,0,200.0
40.1808,44.1472,AM,Planned,PWR,0,0,0,0.0
55.966,-2.399,GB,Operational,GCR,AGR,1980-08-01,1989-02-03,645.0
51.431,3.719,NL,Operational,PWR,KWU 2LP,1969-07-01,1973-10-26,495.0
54.42,-3.491,GB,Shutdown,GCR,MAGNOX,1955-08-01,1959-04-01,35.0
48.513,10.401,DE,Shutdown,BWR,0,1962-12-12,1967-04-12,237.0
22.606,114.55,CN,Operational,PWR,M310,1997-05-15,2002-05-28,950.0
42.074,-89.277,US,Operational,PWR,WH 4LP (DRYAMB),1975-04-01,1987-08-02,1120.0
